<?xml version="1.0" encoding="UTF-8" ?>
<!-- Created from PDF via Acrobat SaveAsXML -->
<!-- Mapping Table version: 28-February-2003 -->
<TaggedPDF-doc>
<?xpacket begin='﻿' id='W5M0MpCehiHzreSzNTczkc9d'?>
<?xpacket begin="﻿" id="W5M0MpCehiHzreSzNTczkc9d"?>
<x:xmpmeta xmlns:x="adobe:ns:meta/" x:xmptk="Adobe XMP Core 4.2.1-c041 52.342996, 2008/05/07-20:48:00        ">
   <rdf:RDF xmlns:rdf="http://www.w3.org/1999/02/22-rdf-syntax-ns#">
      <rdf:Description rdf:about=""
            xmlns:dc="http://purl.org/dc/elements/1.1/">
         <dc:format>xml</dc:format>
         <dc:creator>
            <rdf:Seq>
               <rdf:li>MOEA</rdf:li>
            </rdf:Seq>
         </dc:creator>
      </rdf:Description>
      <rdf:Description rdf:about=""
            xmlns:xmp="http://ns.adobe.com/xap/1.0/">
         <xmp:CreateDate>2012-05-30T17:20:08+08:00</xmp:CreateDate>
         <xmp:CreatorTool>Microsoft® Excel® 2010</xmp:CreatorTool>
         <xmp:ModifyDate>2012-05-30T17:20:08+08:00</xmp:ModifyDate>
      </rdf:Description>
      <rdf:Description rdf:about=""
            xmlns:pdf="http://ns.adobe.com/pdf/1.3/">
         <pdf:Producer>Microsoft® Excel® 2010</pdf:Producer>
      </rdf:Description>
   </rdf:RDF>
</x:xmpmeta>
                                                                                                    
                                                                                                    
                                                                                                    
                                                                                                    
                                                                                                    
                                                                                                    
                                                                                                    
                                                                                                    
                                                                                                    
                                                                                                    
                                                                                                    
                                                                                                    
                                                                                                    
                                                                                                    
                                                                                                    
                                                                                                    
                                                                                                    
                                                                                                    
                                                                                                    
                                                                                                    
                           
<?xpacket end="w"?>
<?xpacket end='r'?>

<Workbook>
<Worksheet>
<Table>
<TR>
<TD>
<P>編製機關</P>
</TD>

<TD>
<P>經濟部(中小企業處)</P>
</TD>

<TD>
<P>公開類</P>
</TD>
</TR>

<TR>
<TD>
<P>次年5月底前編報</P>
</TD>

<TD>
<P>表    號</P>
</TD>

<TD>
<P>2999-08-01</P>
</TD>

<TD>
<P>年  報</P>
</TD>
</TR>

<TR>
<TD>
<P>中小企業銷售額－按行業別分</P>
</TD>
</TR>

<TR/>

<TR>
<TD>
<P>單位：新臺幣百萬元</P>
</TD>

<TD>
<P>中華民國100年底</P>
</TD>
</TR>

<TR>
<TD>
<P>全部企業</P>
</TD>

<TD>
<P>中小企業</P>
</TD>

<TD>
<P>行     業    別</P>
</TD>
</TR>

<TR>
<TD>
<P> 比 率(%)</P>
</TD>
</TR>

<TR>
<TD>
<P>37,881,681            </P>
</TD>

<TD>
<P>11,226,933               </P>
</TD>

<TD>
<P>29.64                      </P>
</TD>

<TD>
<P>總計</P>
</TD>
</TR>

<TR>
<TD>
<P>33,843                   </P>
</TD>

<TD>
<P>18,321                      </P>
</TD>

<TD>
<P>54.14                      </P>
</TD>

<TD>
<P>　農、林、漁、牧業</P>
</TD>
</TR>

<TR>
<TD>
<P>46,953                   </P>
</TD>

<TD>
<P>37,568                      </P>
</TD>

<TD>
<P>80.01                      </P>
</TD>

<TD>
<P>　礦業及土石採取業</P>
</TD>
</TR>

<TR>
<TD>
<P>14,122,135            </P>
</TD>

<TD>
<P>4,338,874                 </P>
</TD>

<TD>
<P>30.72                      </P>
</TD>

<TD>
<P>　製造業</P>
</TD>
</TR>

<TR>
<TD>
<P>833,515                 </P>
</TD>

<TD>
<P>3,372                        </P>
</TD>

<TD>
<P>0.40                        </P>
</TD>

<TD>
<P>　電力及燃氣供應業</P>
</TD>
</TR>

<TR>
<TD>
<P>190,890                 </P>
</TD>

<TD>
<P>55,021                      </P>
</TD>

<TD>
<P>28.82                      </P>
</TD>

<TD>
<P>  用水供應及污染整治業</P>
</TD>
</TR>

<TR>
<TD>
<P>2,079,702              </P>
</TD>

<TD>
<P>1,193,584                 </P>
</TD>

<TD>
<P>57.39                      </P>
</TD>

<TD>
<P>　營造業</P>
</TD>
</TR>

<TR>
<TD>
<P>13,723,088            </P>
</TD>

<TD>
<P>4,085,832                 </P>
</TD>

<TD>
<P>29.77                      </P>
</TD>

<TD>
<P>　批發及零售業</P>
</TD>
</TR>

<TR>
<TD>
<P>1,005,769              </P>
</TD>

<TD>
<P>261,337                    </P>
</TD>

<TD>
<P>25.98                      </P>
</TD>

<TD>
<P>　運輸及倉儲業</P>
</TD>
</TR>

<TR>
<TD>
<P>420,527                 </P>
</TD>

<TD>
<P>297,131                    </P>
</TD>

<TD>
<P>70.66                      </P>
</TD>

<TD>
<P>　住宿及餐飲業</P>
</TD>
</TR>

<TR>
<TD>
<P>906,897                 </P>
</TD>

<TD>
<P>100,770                    </P>
</TD>

<TD>
<P>11.11                      </P>
</TD>

<TD>
<P>　資訊及通訊傳播業</P>
</TD>
</TR>

<TR>
<TD>
<P>2,451,486              </P>
</TD>

<TD>
<P>195,036                    </P>
</TD>

<TD>
<P>7.96                        </P>
</TD>

<TD>
<P>　金融及保險業</P>
</TD>
</TR>

<TR>
<TD>
<P>825,421                 </P>
</TD>

<TD>
<P>175,783                    </P>
</TD>

<TD>
<P>21.30                      </P>
</TD>

<TD>
<P>　不動產業</P>
</TD>
</TR>

<TR>
<TD>
<P>618,877                 </P>
</TD>

<TD>
<P>181,488                    </P>
</TD>

<TD>
<P>29.33                      </P>
</TD>

<TD>
<P>　專業、科學及技術服務業</P>
</TD>
</TR>

<TR>
<TD>
<P>341,936                 </P>
</TD>

<TD>
<P>121,455                    </P>
</TD>

<TD>
<P>35.52                      </P>
</TD>

<TD>
<P>  支援服務業</P>
</TD>
</TR>

<TR>
<TD>
<P>8,138                     </P>
</TD>

<TD>
<P>6,057                        </P>
</TD>

<TD>
<P>74.42                      </P>
</TD>

<TD>
<P>  教育服務業</P>
</TD>
</TR>

<TR>
<TD>
<P>4,728                     </P>
</TD>

<TD>
<P>1,920                        </P>
</TD>

<TD>
<P>40.62                      </P>
</TD>

<TD>
<P>　醫療保健及社會工作服務業</P>
</TD>
</TR>

<TR>
<TD>
<P>73,876                   </P>
</TD>

<TD>
<P>46,376                      </P>
</TD>

<TD>
<P>62.78                      </P>
</TD>

<TD>
<P>　藝術、娛樂及休閒服務業</P>
</TD>
</TR>

<TR>
<TD>
<P>193,900                       </P>
</TD>

<TD>
<P>102,249                    </P>
</TD>

<TD>
<P>52.73                      </P>
</TD>

<TD>
<P>　其他服務業</P>
</TD>
</TR>

<TR>
<TD>
<P>填表                                                                      </P>
</TD>

<TD>
<P>審核</P>
</TD>

<TD>
<P>主辦業務人員   </P>
</TD>

<TD>
<P>機關長官</P>
</TD>
</TR>

<TR>
<TD>
<P>主辦統計人員</P>
</TD>
</TR>

<TR>
<TD>
<P>資料來源：</P>
</TD>

<TD>
<P>依據財政部財稅資料中心營業稅徵收統計資料運算而得。</P>
</TD>
</TR>

<TR>
<TD>
<P>本表由本部中小企業處編製2份，1份送經濟部統計處，1份自存並公布於網站。</P>
</TD>

<TD>
<P>填表說明：</P>
</TD>
</TR>

<TR/>

<TR/>

<TR>
<TD>
<P>~35~</P>
</TD>
</TR>

<TR/>

<TR>
<TD>
<P>中小企業銷售額－按行業別分編製說明</P>
</TD>
</TR>

<TR/>

<TR>
<TD>
<P>一、</P>
</TD>

<TD>
<P>統計範圍及對象：</P>
</TD>
</TR>

<TR>
<TD>
<P>凡臺閩地區依法繳納營業稅之企業，均為統計範圍及對象。</P>
</TD>
</TR>

<TR/>

<TR/>

<TR>
<TD>
<P>二、</P>
</TD>

<TD>
<P>統計標準時間：</P>
</TD>
</TR>

<TR>
<TD>
<P>以每年1月1日至12月31日之事實為準。</P>
</TD>
</TR>

<TR>
<TD/>
</TR>

<TR>
<TD>
<P>三、</P>
</TD>

<TD>
<P>分類標準：</P>
</TD>
</TR>

<TR>
<TD>
<P>(一)</P>
</TD>

<TD>
<P>縱行科目：分為全部企業銷售額、中小企業銷售額及其占全部企業銷售額比率。</P>
</TD>
</TR>

<TR>
<TD>
<P>(二)</P>
</TD>

<TD>
<P>橫列科目：依中華民國行業標準分類(第8次修訂)行業別之大行業別分類。</P>
</TD>
</TR>

<TR/>

<TR>
<TD>
<P>四、</P>
</TD>

<TD>
<P>統計科目定義：</P>
</TD>
</TR>

<TR>
<TD>
<P>(一)</P>
</TD>

<TD>
<P>全部企業：包括中小企業及大企業。</P>
</TD>
</TR>

<TR>
<TD>
<P>(二)</P>
</TD>

<TD>
<P>中小企業：係依據中小企業發展條例之中小企業認定標準加以分類，凡礦業及土石採取業、製造業、營造業之實收資本額在新臺幣8千萬元以下者；其他業別前1年之營業額在1億元以下者均屬之。</P>
</TD>
</TR>

<TR/>

<TR>
<TD>
<P>五、</P>
</TD>

<TD>
<P>資料蒐集方法及編製程序：</P>
</TD>
</TR>

<TR>
<TD>
<P>由經濟部中小企業處利用財政部財稅資料中心營業稅徵收統計資料，按行業別分類編製。</P>
</TD>
</TR>

<TR/>

<TR>
<TD>
<P>六、</P>
</TD>

<TD>
<P>編送對象：</P>
</TD>
</TR>

<TR>
<TD>
<P>本表由經濟部中小企業處編製2份，1份送經濟部統計處，1份自存並公布於網站。</P>
</TD>
</TR>
</Table>
</Worksheet>
</Workbook>
</TaggedPDF-doc>
