<?xml version="1.0" encoding="UTF-8" ?>
<!-- Created from PDF via Acrobat SaveAsXML -->
<!-- Mapping Table version: 28-February-2003 -->
<TaggedPDF-doc>
<?xpacket begin='﻿' id='W5M0MpCehiHzreSzNTczkc9d'?>
<?xpacket begin="﻿" id="W5M0MpCehiHzreSzNTczkc9d"?>
<x:xmpmeta xmlns:x="adobe:ns:meta/" x:xmptk="Adobe XMP Core 4.2.1-c041 52.342996, 2008/05/07-20:48:00        ">
   <rdf:RDF xmlns:rdf="http://www.w3.org/1999/02/22-rdf-syntax-ns#">
      <rdf:Description rdf:about=""
            xmlns:dc="http://purl.org/dc/elements/1.1/">
         <dc:format>xml</dc:format>
         <dc:creator>
            <rdf:Seq>
               <rdf:li>MOEA</rdf:li>
            </rdf:Seq>
         </dc:creator>
      </rdf:Description>
      <rdf:Description rdf:about=""
            xmlns:xmp="http://ns.adobe.com/xap/1.0/">
         <xmp:CreateDate>2012-05-30T17:21:08+08:00</xmp:CreateDate>
         <xmp:CreatorTool>Microsoft® Excel® 2010</xmp:CreatorTool>
         <xmp:ModifyDate>2012-05-30T17:21:08+08:00</xmp:ModifyDate>
      </rdf:Description>
      <rdf:Description rdf:about=""
            xmlns:pdf="http://ns.adobe.com/pdf/1.3/">
         <pdf:Producer>Microsoft® Excel® 2010</pdf:Producer>
      </rdf:Description>
   </rdf:RDF>
</x:xmpmeta>
                                                                                                    
                                                                                                    
                                                                                                    
                                                                                                    
                                                                                                    
                                                                                                    
                                                                                                    
                                                                                                    
                                                                                                    
                                                                                                    
                                                                                                    
                                                                                                    
                                                                                                    
                                                                                                    
                                                                                                    
                                                                                                    
                                                                                                    
                                                                                                    
                                                                                                    
                                                                                                    
                           
<?xpacket end="w"?>
<?xpacket end='r'?>

<Workbook>
<Worksheet>
<Table>
<TR>
<TD>
<P>編製機關</P>
</TD>

<TD>
<P>經濟部(中小企業處)</P>
</TD>

<TD>
<P>公開類</P>
</TD>
</TR>

<TR>
<TD>
<P>次年5月底前編報</P>
</TD>

<TD>
<P>表    號</P>
</TD>

<TD>
<P>2999-08-02</P>
</TD>

<TD>
<P>年  報</P>
</TD>
</TR>

<TR>
<TD>
<P>中小企業出口額－按行業別分</P>
</TD>
</TR>

<TR/>

<TR>
<TD>
<P>單位：新臺幣百萬元</P>
</TD>

<TD>
<P>中華民國100 年底</P>
</TD>
</TR>

<TR>
<TD>
<P>行     業    別</P>
</TD>

<TD>
<P>全部企業</P>
</TD>

<TD>
<P>中小企業</P>
</TD>
</TR>

<TR>
<TD>
<P> 比 率(%)</P>
</TD>
</TR>

<TR>
<TD>
<P>10,126,901            </P>
</TD>

<TD>
<P>1,649,985                 </P>
</TD>

<TD>
<P>16.29                         </P>
</TD>

<TD>
<P>總計</P>
</TD>
</TR>

<TR>
<TD>
<P>4,276                     </P>
</TD>

<TD>
<P>1,981                        </P>
</TD>

<TD>
<P>46.34                         </P>
</TD>

<TD>
<P>　農、林、漁、牧業</P>
</TD>
</TR>

<TR>
<TD>
<P>771                        </P>
</TD>

<TD>
<P>309                           </P>
</TD>

<TD>
<P>40.03                         </P>
</TD>

<TD>
<P>　礦業及土石採取業</P>
</TD>
</TR>

<TR>
<TD>
<P>6,326,933              </P>
</TD>

<TD>
<P>1,181,721                 </P>
</TD>

<TD>
<P>18.68                         </P>
</TD>

<TD>
<P>　製造業</P>
</TD>
</TR>

<TR>
<TD>
<P>16,105                   </P>
</TD>

<TD>
<P>43                             </P>
</TD>

<TD>
<P>0.26                           </P>
</TD>

<TD>
<P>　電力及燃氣供應業</P>
</TD>
</TR>

<TR>
<TD>
<P>12,064                   </P>
</TD>

<TD>
<P>1,422                        </P>
</TD>

<TD>
<P>11.79                         </P>
</TD>

<TD>
<P>  用水供應及污染整治業</P>
</TD>
</TR>

<TR>
<TD>
<P>173,944                 </P>
</TD>

<TD>
<P>12,768                      </P>
</TD>

<TD>
<P>7.34                           </P>
</TD>

<TD>
<P>　營造業</P>
</TD>
</TR>

<TR>
<TD>
<P>3,067,880              </P>
</TD>

<TD>
<P>428,278                    </P>
</TD>

<TD>
<P>13.96                         </P>
</TD>

<TD>
<P>　批發及零售業</P>
</TD>
</TR>

<TR>
<TD>
<P>281,570                 </P>
</TD>

<TD>
<P>8,744                        </P>
</TD>

<TD>
<P>3.11                           </P>
</TD>

<TD>
<P>　運輸及倉儲業</P>
</TD>
</TR>

<TR>
<TD>
<P>587                        </P>
</TD>

<TD>
<P>119                           </P>
</TD>

<TD>
<P>20.21                         </P>
</TD>

<TD>
<P>　住宿及餐飲業</P>
</TD>
</TR>

<TR>
<TD>
<P>98,937                   </P>
</TD>

<TD>
<P>5,822                        </P>
</TD>

<TD>
<P>5.88                           </P>
</TD>

<TD>
<P>　資訊及通訊傳播業</P>
</TD>
</TR>

<TR>
<TD>
<P>2,018                     </P>
</TD>

<TD>
<P>528                           </P>
</TD>

<TD>
<P>26.16                         </P>
</TD>

<TD>
<P>　金融及保險業</P>
</TD>
</TR>

<TR>
<TD>
<P>3,592                     </P>
</TD>

<TD>
<P>594                           </P>
</TD>

<TD>
<P>16.53                         </P>
</TD>

<TD>
<P>　不動產業</P>
</TD>
</TR>

<TR>
<TD>
<P>123,436                 </P>
</TD>

<TD>
<P>6,153                        </P>
</TD>

<TD>
<P>4.98                           </P>
</TD>

<TD>
<P>　專業、科學及技術服務業</P>
</TD>
</TR>

<TR>
<TD>
<P>7,405                     </P>
</TD>

<TD>
<P>1,010                        </P>
</TD>

<TD>
<P>13.64                         </P>
</TD>

<TD>
<P>  支援服務業</P>
</TD>
</TR>

<TR>
<TD>
<P>69                          </P>
</TD>

<TD>
<P>7                               </P>
</TD>

<TD>
<P>9.67                           </P>
</TD>

<TD>
<P>  教育服務業</P>
</TD>
</TR>

<TR>
<TD>
<P>160                        </P>
</TD>

<TD>
<P>73                             </P>
</TD>

<TD>
<P>45.68                         </P>
</TD>

<TD>
<P>　醫療保健及社會工作服務業</P>
</TD>
</TR>

<TR>
<TD>
<P>170                        </P>
</TD>

<TD>
<P>112                           </P>
</TD>

<TD>
<P>65.57                         </P>
</TD>

<TD>
<P>　藝術、娛樂及休閒服務業</P>
</TD>
</TR>

<TR>
<TD>
<P>6,985                     </P>
</TD>

<TD>
<P>304                           </P>
</TD>

<TD>
<P>4.35                           </P>
</TD>

<TD>
<P>　其他服務業</P>
</TD>
</TR>

<TR>
<TD>
<P>填表                                                                      </P>
</TD>

<TD>
<P>審核</P>
</TD>

<TD>
<P>主辦業務人員   </P>
</TD>

<TD>
<P>機關長官</P>
</TD>
</TR>

<TR>
<TD>
<P>主辦統計人員</P>
</TD>
</TR>

<TR>
<TD>
<P>依據財政部財稅資料中心營業稅徵收統計資料運算而得。</P>
</TD>

<TD>
<P>資料來源：</P>
</TD>
</TR>

<TR>
<TD>
<P>本表由本部中小企業處編製2份，1份送經濟部統計處，1份自存並公布於網站。</P>
</TD>

<TD>
<P>填表說明：</P>
</TD>
</TR>

<TR/>

<TR/>

<TR>
<TD>
<P>~36~</P>
</TD>
</TR>

<TR/>

<TR>
<TD>
<P>中小企業出口額－按行業別分編製說明</P>
</TD>
</TR>

<TR/>

<TR>
<TD>
<P>一、</P>
</TD>

<TD>
<P>統計範圍及對象：</P>
</TD>
</TR>

<TR>
<TD>
<P>凡臺閩地區依法繳納營業稅之企業，均為統計範圍及對象。</P>
</TD>
</TR>

<TR/>

<TR/>

<TR>
<TD>
<P>二、</P>
</TD>

<TD>
<P>統計標準時間：</P>
</TD>
</TR>

<TR>
<TD>
<P>以每年1月1日至12月31日之事實為準。</P>
</TD>
</TR>

<TR>
<TD/>
</TR>

<TR>
<TD>
<P>三、</P>
</TD>

<TD>
<P>分類標準：</P>
</TD>
</TR>

<TR>
<TD>
<P>(一)</P>
</TD>

<TD>
<P>縱行科目：分為全部企業出口額、中小企業出口額及其占全部企業出口額比率。</P>
</TD>
</TR>

<TR>
<TD>
<P>(二)</P>
</TD>

<TD>
<P>橫列科目：依中華民國行業標準分類(第8次修訂)行業別之大行業別分類。</P>
</TD>
</TR>

<TR/>

<TR>
<TD>
<P>四、</P>
</TD>

<TD>
<P>統計科目定義：</P>
</TD>
</TR>

<TR>
<TD>
<P>(一)</P>
</TD>

<TD>
<P>全部企業：包括中小企業及大企業。</P>
</TD>
</TR>

<TR>
<TD>
<P>(二)</P>
</TD>

<TD>
<P>中小企業：係依據中小企業發展條例之中小企業認定標準加以分類，凡礦業及土石採取業、製造業、營造業之實收資本額在新臺幣8千萬元以下者；其他業別前1年之營業額在1億元以下者均屬之。</P>
</TD>
</TR>

<TR/>

<TR>
<TD>
<P>五、</P>
</TD>

<TD>
<P>資料蒐集方法及編製程序：</P>
</TD>
</TR>

<TR>
<TD>
<P>由經濟部中小企業處利用財政部財稅資料中心營業稅徵收統計資料，按行業別分類編製。</P>
</TD>
</TR>

<TR/>

<TR>
<TD>
<P>六、</P>
</TD>

<TD>
<P>編送對象：</P>
</TD>
</TR>

<TR>
<TD>
<P>本表由經濟部中小企業處編製2份，1份送經濟部統計處，1份自存並公布於網站。</P>
</TD>
</TR>
</Table>
</Worksheet>
</Workbook>
</TaggedPDF-doc>
