<?xml version="1.0" encoding="UTF-8" ?>
<!-- Created from PDF via Acrobat SaveAsXML -->
<!-- Mapping Table version: 28-February-2003 -->
<TaggedPDF-doc>
<?xpacket begin='﻿' id='W5M0MpCehiHzreSzNTczkc9d'?>
<?xpacket begin="﻿" id="W5M0MpCehiHzreSzNTczkc9d"?>
<x:xmpmeta xmlns:x="adobe:ns:meta/" x:xmptk="Adobe XMP Core 4.2.1-c041 52.342996, 2008/05/07-20:48:00        ">
   <rdf:RDF xmlns:rdf="http://www.w3.org/1999/02/22-rdf-syntax-ns#">
      <rdf:Description rdf:about=""
            xmlns:dc="http://purl.org/dc/elements/1.1/">
         <dc:format>xml</dc:format>
         <dc:creator>
            <rdf:Seq>
               <rdf:li>Eden</rdf:li>
            </rdf:Seq>
         </dc:creator>
         <dc:title>
            <rdf:Alt>
               <rdf:li xml:lang="x-default">&lt;B867C0D9B3A12DA4A4A470A5F8B77EB342B2CEAD70B3F8AAED28A64034AAED293133303532312E786C7378&gt;</rdf:li>
            </rdf:Alt>
         </dc:title>
      </rdf:Description>
      <rdf:Description rdf:about=""
            xmlns:xmp="http://ns.adobe.com/xap/1.0/">
         <xmp:CreateDate>2013-06-04T17:58:30+08:00</xmp:CreateDate>
         <xmp:CreatorTool>PScript5.dll Version 5.2.2</xmp:CreatorTool>
         <xmp:ModifyDate>2013-06-04T17:58:30+08:00</xmp:ModifyDate>
      </rdf:Description>
      <rdf:Description rdf:about=""
            xmlns:pdf="http://ns.adobe.com/pdf/1.3/">
         <pdf:Producer>Acrobat Distiller 9.0.0 (Windows)</pdf:Producer>
      </rdf:Description>
      <rdf:Description rdf:about=""
            xmlns:xmpMM="http://ns.adobe.com/xap/1.0/mm/">
         <xmpMM:DocumentID>uuid:2edcc2f2-b23d-4062-a8ad-5b7abdcd154b</xmpMM:DocumentID>
         <xmpMM:InstanceID>uuid:f90a0cdc-1d5d-45a5-b8a3-08c57100202a</xmpMM:InstanceID>
      </rdf:Description>
   </rdf:RDF>
</x:xmpmeta>
                                                                                                    
                                                                                                    
                                                                                                    
                                                                                                    
                                                                                                    
                                                                                                    
                                                                                                    
                                                                                                    
                                                                                                    
                                                                                                    
                                                                                                    
                                                                                                    
                                                                                                    
                                                                                                    
                                                                                                    
                                                                                                    
                                                                                                    
                                                                                                    
                                                                                                    
                                                                                                    
                           
<?xpacket end="w"?>
<?xpacket end='r'?>

<Table>
<TR>
<TD>公開類</TD>

<TD/>

<TD>編製機關</TD>

<TD>經濟部(中小企業處)</TD>
</TR>

<TR>
<TD>年 報</TD>

<TD>次年5月底前編報</TD>

<TD>表 號 </TD>

<TD>2999-08-01</TD>
</TR>
</Table>

<P>中小企業銷售額－按行業別分</P>

<P>中華民國101年底單位：新臺幣百萬元</P>

<Table>
<TR>
<TH>行 業 別</TH>

<TH>全部企業</TH>

<TH>中小企業</TH>

<TH/>

<TH/>
</TR>

<TR>
<TD> 比 率(%) </TD>

<TD/>
</TR>

<TR>
<TH>　資訊及通訊傳播業　運輸及倉儲業 用水供應及污染整治業　批發及零售業　住宿及餐飲業　營造業　電力及燃氣供應業　製造業　金融及保險業　不動產業總計　農、林、漁、牧業　礦業及土石採取業　其他服務業　藝術、娛樂及休閒服務業 　專業、科學及技術服務業 支援服務業 教育服務業　醫療保健及社會工作服務業</TH>

<TD>37,104,953 37,067 44,830 13,457,408 895,151 181,289 2,088,390 13,439,726 1,049,949 460,653 962,250 2,235,043 944,188 628,413 371,755 9,577 5,440 80,579 213,246 </TD>

<TD>11,268,864 19,966 35,402 4,262,257 3,692 55,632 1,235,542 4,102,576 262,664 321,386 105,393 186,220 189,948 189,178 130,766 6,820 1,933 48,024 111,464 </TD>

<TD/>

<TD>30.37 53.87 78.97 31.67 0.41 30.69 59.16 30.53 25.02 69.77 10.95 8.33 20.12 30.10 35.18 71.21 35.53 59.60 52.27</TD>
</TR>
</Table>

<P>填表審核主辦業務人員 機關長官主辦統計人員資料來源：依據財政部財稅資料中心營業稅徵收統計資料運算而得。填表說明：本表由本部中小企業處編製2份，1份送經濟部統計處，1份自存並公布於網站。</P>

<P>~35~
</P>

<P>中小企業銷售額－按行業別分編製說明
</P>

<P>一、統計範圍及對象：凡臺閩地區依法繳納營業稅之企業，均為統計範圍及對象。</P>

<P>二、統計標準時間：以每年1月1日至12月31日之事實為準。</P>

<P>三、分類標準：</P>

<P>(一)縱行科目：分為全部企業銷售額、中小企業銷售額及其占全部企業銷售額比率。</P>

<P>(二)橫列科目：依中華民國行業標準分類(第8次修訂)行業別之大行業別分類。</P>

<P>四、統計科目定義：</P>

<P>(一)全部企業：包括中小企業及大企業。</P>

<P>(二)中小企業：係依據中小企業發展條例之中小企業認定標準加以分類，凡礦業及土石</P>

<P>採取業、製造業、營造業之實收資本額在新臺幣8千萬元以下者；其他業別前1年之</P>

<P>營業額在1億元以下者均屬之。</P>

<P>五、資料蒐集方法及編製程序：</P>

<P>由經濟部中小企業處利用財政部財稅資料中心營業稅徵收統計資料，按行業別分類</P>

<P>編製。</P>

<P>六、編送對象：本表由經濟部中小企業處編製2份，1份送經濟部統計處，1份自存並公布於網站。</P>
</TaggedPDF-doc>
