<?xml version="1.0" encoding="UTF-8" ?>
<!-- Created from PDF via Acrobat SaveAsXML -->
<!-- Mapping Table version: 28-February-2003 -->
<TaggedPDF-doc>
<?xpacket begin='﻿' id='W5M0MpCehiHzreSzNTczkc9d'?>
<?xpacket begin="﻿" id="W5M0MpCehiHzreSzNTczkc9d"?>
<x:xmpmeta xmlns:x="adobe:ns:meta/" x:xmptk="Adobe XMP Core 4.2.1-c041 52.342996, 2008/05/07-20:48:00        ">
   <rdf:RDF xmlns:rdf="http://www.w3.org/1999/02/22-rdf-syntax-ns#">
      <rdf:Description rdf:about=""
            xmlns:dc="http://purl.org/dc/elements/1.1/">
         <dc:format>xml</dc:format>
         <dc:creator>
            <rdf:Seq>
               <rdf:li>MOEA</rdf:li>
            </rdf:Seq>
         </dc:creator>
      </rdf:Description>
      <rdf:Description rdf:about=""
            xmlns:xmp="http://ns.adobe.com/xap/1.0/">
         <xmp:CreateDate>2015-06-01T10:30:20+08:00</xmp:CreateDate>
         <xmp:CreatorTool>Microsoft® Excel® 2010</xmp:CreatorTool>
         <xmp:ModifyDate>2015-06-01T10:30:20+08:00</xmp:ModifyDate>
      </rdf:Description>
      <rdf:Description rdf:about=""
            xmlns:pdf="http://ns.adobe.com/pdf/1.3/">
         <pdf:Producer>Microsoft® Excel® 2010</pdf:Producer>
      </rdf:Description>
   </rdf:RDF>
</x:xmpmeta>
                                                                                                    
                                                                                                    
                                                                                                    
                                                                                                    
                                                                                                    
                                                                                                    
                                                                                                    
                                                                                                    
                                                                                                    
                                                                                                    
                                                                                                    
                                                                                                    
                                                                                                    
                                                                                                    
                                                                                                    
                                                                                                    
                                                                                                    
                                                                                                    
                                                                                                    
                                                                                                    
                           
<?xpacket end="w"?>
<?xpacket end='r'?>

<Workbook>
<Worksheet>
<Table>
<TR>
<TD>
<P>編製機關</P>
</TD>

<TD>
<P>經濟部(中小企業處)</P>
</TD>

<TD>
<P>公開類</P>
</TD>
</TR>

<TR>
<TD>
<P>次年5月底前編報</P>
</TD>

<TD>
<P>表        號</P>
</TD>

<TD>
<P>2999-07-02</P>
</TD>

<TD>
<P>年  報</P>
</TD>
</TR>

<TR>
<TD>
<P>臺灣地區中小企業就業人數</P>
</TD>
</TR>

<TR/>

<TR>
<TD>
<P>單位：千人</P>
</TD>

<TD>
<P>中華民國103年年平均</P>
</TD>
</TR>

<TR>
<TD>
<P>全部就業人數</P>
</TD>

<TD>
<P>行     業    別</P>
</TD>

<TD>
<P>中小企業</P>
</TD>
</TR>

<TR>
<TD>
<P> 比率(%)</P>
</TD>
</TR>

<TR>
<TD>
<P>11,079</P>
</TD>

<TD>
<P>8,669</P>
</TD>

<TD>
<P>78.25</P>
</TD>

<TD>
<P>總計</P>
</TD>
</TR>

<TR>
<TD>
<P>性別</P>
</TD>
</TR>

<TR>
<TD>
<P>　男性</P>
</TD>

<TD>
<P>6,166</P>
</TD>

<TD>
<P>4,953</P>
</TD>

<TD>
<P>80.33</P>
</TD>
</TR>

<TR>
<TD>
<P>　女性</P>
</TD>

<TD>
<P>4,913</P>
</TD>

<TD>
<P>3,716</P>
</TD>

<TD>
<P>75.64</P>
</TD>
</TR>

<TR>
<TD>
<P>行業別</P>
</TD>
</TR>

<TR>
<TD>
<P>548</P>
</TD>

<TD>
<P>540</P>
</TD>

<TD>
<P>98.52</P>
</TD>

<TD>
<P>　農、林、漁、牧業</P>
</TD>
</TR>

<TR>
<TD>
<P>4</P>
</TD>

<TD>
<P>3</P>
</TD>

<TD>
<P>86.48</P>
</TD>

<TD>
<P>　礦業及土石採取業</P>
</TD>
</TR>

<TR>
<TD>
<P>3,007</P>
</TD>

<TD>
<P>2,196</P>
</TD>

<TD>
<P>73.01</P>
</TD>

<TD>
<P>　製造業</P>
</TD>
</TR>

<TR>
<TD>
<P>29</P>
</TD>

<TD>
<P>4</P>
</TD>

<TD>
<P>14.05</P>
</TD>

<TD>
<P>　電力及燃氣供應業</P>
</TD>
</TR>

<TR>
<TD>
<P>82</P>
</TD>

<TD>
<P>38</P>
</TD>

<TD>
<P>46.07</P>
</TD>

<TD>
<P>  用水供應及污染整治業</P>
</TD>
</TR>

<TR>
<TD>
<P>881</P>
</TD>

<TD>
<P>865</P>
</TD>

<TD>
<P>98.08</P>
</TD>

<TD>
<P>　營造業</P>
</TD>
</TR>

<TR>
<TD>
<P>1,825</P>
</TD>

<TD>
<P>1,756</P>
</TD>

<TD>
<P>96.19</P>
</TD>

<TD>
<P>　批發及零售業</P>
</TD>
</TR>

<TR>
<TD>
<P>433</P>
</TD>

<TD>
<P>316</P>
</TD>

<TD>
<P>73.16</P>
</TD>

<TD>
<P>　運輸及倉儲業</P>
</TD>
</TR>

<TR>
<TD>
<P>792</P>
</TD>

<TD>
<P>768</P>
</TD>

<TD>
<P>96.99</P>
</TD>

<TD>
<P>　住宿及餐飲業</P>
</TD>
</TR>

<TR>
<TD>
<P>241</P>
</TD>

<TD>
<P>170</P>
</TD>

<TD>
<P>70.49</P>
</TD>

<TD>
<P>　資訊及通訊傳播業</P>
</TD>
</TR>

<TR>
<TD>
<P>416</P>
</TD>

<TD>
<P>316</P>
</TD>

<TD>
<P>75.87</P>
</TD>

<TD>
<P>　金融及保險業</P>
</TD>
</TR>

<TR>
<TD>
<P>98</P>
</TD>

<TD>
<P>94</P>
</TD>

<TD>
<P>95.89</P>
</TD>

<TD>
<P>　不動產業</P>
</TD>
</TR>

<TR>
<TD>
<P>354</P>
</TD>

<TD>
<P>287</P>
</TD>

<TD>
<P>81.18</P>
</TD>

<TD>
<P>　專業、科學及技術服務業</P>
</TD>
</TR>

<TR>
<TD>
<P>273</P>
</TD>

<TD>
<P>251</P>
</TD>

<TD>
<P>91.81</P>
</TD>

<TD>
<P>  支援服務業</P>
</TD>
</TR>

<TR>
<TD>
<P>378</P>
</TD>

<TD>
<P>1</P>
</TD>

<TD>
<P>0.16</P>
</TD>

<TD>
<P>  公共行政及國防；強制性社會安全</P>
</TD>
</TR>

<TR>
<TD>
<P>645</P>
</TD>

<TD>
<P>235</P>
</TD>

<TD>
<P>36.47</P>
</TD>

<TD>
<P>  教育服務業</P>
</TD>
</TR>

<TR>
<TD>
<P>432</P>
</TD>

<TD>
<P>217</P>
</TD>

<TD>
<P>50.09</P>
</TD>

<TD>
<P>　醫療保健及社會工作服務業</P>
</TD>
</TR>

<TR>
<TD>
<P>95</P>
</TD>

<TD>
<P>76</P>
</TD>

<TD>
<P>79.82</P>
</TD>

<TD>
<P>　藝術、娛樂及休閒服務業</P>
</TD>
</TR>

<TR>
<TD>
<P>543</P>
</TD>

<TD>
<P>536</P>
</TD>

<TD>
<P>98.75</P>
</TD>

<TD>
<P>　其他服務業</P>
</TD>
</TR>

<TR>
<TD>
<P>填表                                         </P>
</TD>

<TD>
<P>審核  </P>
</TD>

<TD>
<P>主辦業務人員</P>
</TD>

<TD>
<P>機關長官</P>
</TD>
</TR>

<TR>
<TD>
<P>主辦統計人員</P>
</TD>
</TR>

<TR>
<TD>
<P>行政院主計總處人力資源調查統計。</P>
</TD>

<TD>
<P>資料來源：</P>
</TD>
</TR>

<TR>
<TD>
<P>1.本表由本部中小企業處編製2份，1份送本部統計處，1份自存並公布於網站。</P>
</TD>

<TD>
<P>填表說明：</P>
</TD>
</TR>

<TR>
<TD>
<P>2.全部就業人數包括大企業、中小企業及受政府僱用就業人數。</P>
</TD>
</TR>

<TR/>

<TR>
<TD>
<P>~34~</P>
</TD>
</TR>

<TR>
<TD>
<P>臺灣地區中小企業就業人數編製說明</P>
</TD>
</TR>

<TR/>

<TR>
<TD>
<P>一、</P>
</TD>

<TD>
<P>統計範圍及對象：</P>
</TD>
</TR>

<TR>
<TD>
<P>凡現住臺灣地區之普通戶與共同事業戶，戶內年滿15歲從事有酬工作者，或從事15小時以上之無酬家屬工作者均為統計範圍及對象。</P>
</TD>
</TR>

<TR/>

<TR/>

<TR>
<TD>
<P>二、</P>
</TD>

<TD>
<P>統計標準時間：</P>
</TD>
</TR>

<TR>
<TD>
<P>以每年1至12月平均就業人數為準，每月以含15日之1週為資料標準週。</P>
</TD>
</TR>

<TR/>

<TR>
<TD>
<P>三、</P>
</TD>

<TD>
<P>分類標準：</P>
</TD>
</TR>

<TR>
<TD>
<P>(一)</P>
</TD>

<TD>
<P>縱行科目：分為全部企業就業人數、中小企業就業人數及其占全部企業就業人數比率。</P>
</TD>
</TR>

<TR>
<TD>
<P>(二)</P>
</TD>

<TD>
<P>橫列科目：以性別及依中華民國行業標準分類（第9次修訂）行業別之大行業別分類。</P>
</TD>
</TR>

<TR/>

<TR>
<TD>
<P>四、</P>
</TD>

<TD>
<P>統計科目定義：</P>
</TD>
</TR>

<TR>
<TD>
<P>(一)</P>
</TD>

<TD>
<P>全部就業人數：包括中小企業、大企業及受政府僱用人員</P>
</TD>
</TR>

<TR>
<TD>
<P>(二)</P>
</TD>

<TD>
<P>中小企業：係依據中小企業發展條例之中小企業認定標準加以分類，凡礦業及土石採取業、製造業、營造業之經常僱用員工數未滿200人者；其他業別經常僱用員工數未滿100人者。</P>
</TD>
</TR>

<TR/>

<TR>
<TD>
<P>五、</P>
</TD>

<TD>
<P>資料蒐集方法及編製程序：</P>
</TD>
</TR>

<TR>
<TD>
<P>由經濟部中小企業處利用行政院主計總處人力資源統計月報資料，按性別及行業別分類編製。</P>
</TD>
</TR>

<TR/>

<TR>
<TD>
<P>六、</P>
</TD>

<TD>
<P>編送對象：</P>
</TD>
</TR>

<TR>
<TD>
<P>本表由經濟部中小企業處編製2份，1份送本部統計處，1份自存並公布於網站。</P>
</TD>
</TR>
</Table>
</Worksheet>
</Workbook>
</TaggedPDF-doc>
