<?xml version="1.0" encoding="UTF-8" ?>
<!-- Created from PDF via Acrobat SaveAsXML -->
<!-- Mapping Table version: 28-February-2003 -->
<TaggedPDF-doc>
<?xpacket begin='﻿' id='W5M0MpCehiHzreSzNTczkc9d'?>
<?xpacket begin="﻿" id="W5M0MpCehiHzreSzNTczkc9d"?>
<x:xmpmeta xmlns:x="adobe:ns:meta/" x:xmptk="Adobe XMP Core 4.2.1-c041 52.342996, 2008/05/07-20:48:00        ">
   <rdf:RDF xmlns:rdf="http://www.w3.org/1999/02/22-rdf-syntax-ns#">
      <rdf:Description rdf:about=""
            xmlns:dc="http://purl.org/dc/elements/1.1/">
         <dc:format>xml</dc:format>
         <dc:creator>
            <rdf:Seq>
               <rdf:li>MOEA</rdf:li>
            </rdf:Seq>
         </dc:creator>
      </rdf:Description>
      <rdf:Description rdf:about=""
            xmlns:xmp="http://ns.adobe.com/xap/1.0/">
         <xmp:CreateDate>2015-06-01T10:27:42+08:00</xmp:CreateDate>
         <xmp:CreatorTool>Microsoft® Excel® 2010</xmp:CreatorTool>
         <xmp:ModifyDate>2015-06-01T10:28:35+08:00</xmp:ModifyDate>
         <xmp:MetadataDate>2015-06-01T10:28:35+08:00</xmp:MetadataDate>
      </rdf:Description>
      <rdf:Description rdf:about=""
            xmlns:pdf="http://ns.adobe.com/pdf/1.3/">
         <pdf:Producer>Microsoft® Excel® 2010</pdf:Producer>
      </rdf:Description>
      <rdf:Description rdf:about=""
            xmlns:xmpMM="http://ns.adobe.com/xap/1.0/mm/">
         <xmpMM:DocumentID>uuid:df84af05-cc8b-4041-a293-8ce5d1eff5ea</xmpMM:DocumentID>
         <xmpMM:InstanceID>uuid:e1b07662-3b16-481f-a18d-5c3c0e0261e6</xmpMM:InstanceID>
      </rdf:Description>
   </rdf:RDF>
</x:xmpmeta>
                                                                                                    
                                                                                                    
                                                                                                    
                                                                                                    
                                                                                                    
                                                                                                    
                                                                                                    
                                                                                                    
                                                                                                    
                                                                                                    
                                                                                                    
                                                                                                    
                                                                                                    
                                                                                                    
                                                                                                    
                                                                                                    
                                                                                                    
                                                                                                    
                                                                                                    
                                                                                                    
                           
<?xpacket end="w"?>
<?xpacket end='r'?>

<Workbook>
<Worksheet>
<Table>
<TR>
<TD>
<P>編製機關</P>
</TD>

<TD>
<P>經濟部(中小企業處)</P>
</TD>

<TD>
<P>公開類</P>
</TD>
</TR>

<TR>
<TD>
<P>次年5月底前編報</P>
</TD>

<TD>
<P>表    號</P>
</TD>

<TD>
<P>2999-07-01</P>
</TD>

<TD>
<P>年  報</P>
</TD>
</TR>

<TR>
<TD>
<P>中小企業家數－按行業別分</P>
</TD>
</TR>

<TR/>

<TR>
<TD>
<P>單位：家</P>
</TD>

<TD>
<P>中華民國 103 年底</P>
</TD>
</TR>

<TR>
<TD>
<P>行     業    別</P>
</TD>

<TD>
<P>全部企業</P>
</TD>

<TD>
<P>中小企業</P>
</TD>
</TR>

<TR>
<TD>
<P> 比 率(%)</P>
</TD>
</TR>

<TR>
<TD>
<P>1,386,128</P>
</TD>

<TD>
<P>1,353,049</P>
</TD>

<TD>
<P>97.61</P>
</TD>

<TD>
<P>總  計</P>
</TD>
</TR>

<TR>
<TD>
<P>11,638</P>
</TD>

<TD>
<P>11,568</P>
</TD>

<TD>
<P>99.40</P>
</TD>

<TD>
<P>　農、林、漁、牧業</P>
</TD>
</TR>

<TR>
<TD>
<P>1,177</P>
</TD>

<TD>
<P>1,151</P>
</TD>

<TD>
<P>97.79</P>
</TD>

<TD>
<P>　礦業及土石採取業</P>
</TD>
</TR>

<TR>
<TD>
<P>147,404</P>
</TD>

<TD>
<P>141,817</P>
</TD>

<TD>
<P>96.21</P>
</TD>

<TD>
<P>　製造業</P>
</TD>
</TR>

<TR>
<TD>
<P>680</P>
</TD>

<TD>
<P>546</P>
</TD>

<TD>
<P>80.29</P>
</TD>

<TD>
<P>　電力及燃氣供應業</P>
</TD>
</TR>

<TR>
<TD>
<P>7,480</P>
</TD>

<TD>
<P>7,155</P>
</TD>

<TD>
<P>95.66</P>
</TD>

<TD>
<P>  用水供應及污染整治業</P>
</TD>
</TR>

<TR>
<TD>
<P>113,400</P>
</TD>

<TD>
<P>112,164</P>
</TD>

<TD>
<P>98.91</P>
</TD>

<TD>
<P>　營造業</P>
</TD>
</TR>

<TR>
<TD>
<P>686,183</P>
</TD>

<TD>
<P>668,428</P>
</TD>

<TD>
<P>97.41</P>
</TD>

<TD>
<P>　批發及零售業</P>
</TD>
</TR>

<TR>
<TD>
<P>31,399</P>
</TD>

<TD>
<P>30,281</P>
</TD>

<TD>
<P>96.44</P>
</TD>

<TD>
<P>　運輸及倉儲業</P>
</TD>
</TR>

<TR>
<TD>
<P>134,809</P>
</TD>

<TD>
<P>134,326</P>
</TD>

<TD>
<P>99.64</P>
</TD>

<TD>
<P>　住宿及餐飲業</P>
</TD>
</TR>

<TR>
<TD>
<P>18,882</P>
</TD>

<TD>
<P>18,141</P>
</TD>

<TD>
<P>96.08</P>
</TD>

<TD>
<P>　資訊及通訊傳播業</P>
</TD>
</TR>

<TR>
<TD>
<P>17,989</P>
</TD>

<TD>
<P>15,490</P>
</TD>

<TD>
<P>86.11</P>
</TD>

<TD>
<P>　金融及保險業</P>
</TD>
</TR>

<TR>
<TD>
<P>34,318</P>
</TD>

<TD>
<P>32,766</P>
</TD>

<TD>
<P>95.48</P>
</TD>

<TD>
<P>　不動產業</P>
</TD>
</TR>

<TR>
<TD>
<P>43,675</P>
</TD>

<TD>
<P>42,932</P>
</TD>

<TD>
<P>98.30</P>
</TD>

<TD>
<P>　專業、科學及技術服務業</P>
</TD>
</TR>

<TR>
<TD>
<P>28,857</P>
</TD>

<TD>
<P>28,376</P>
</TD>

<TD>
<P>98.33</P>
</TD>

<TD>
<P>  支援服務業</P>
</TD>
</TR>

<TR>
<TD>
<P>1,866</P>
</TD>

<TD>
<P>1,852</P>
</TD>

<TD>
<P>99.25</P>
</TD>

<TD>
<P>  教育服務業</P>
</TD>
</TR>

<TR>
<TD>
<P>683</P>
</TD>

<TD>
<P>667</P>
</TD>

<TD>
<P>97.66</P>
</TD>

<TD>
<P>　醫療保健及社會工作服務業</P>
</TD>
</TR>

<TR>
<TD>
<P>26,685</P>
</TD>

<TD>
<P>26,572</P>
</TD>

<TD>
<P>99.58</P>
</TD>

<TD>
<P>　藝術、娛樂及休閒服務業</P>
</TD>
</TR>

<TR>
<TD>
<P>79,003</P>
</TD>

<TD>
<P>78,817</P>
</TD>

<TD>
<P>99.76</P>
</TD>

<TD>
<P>　其他服務業</P>
</TD>
</TR>

<TR>
<TD>
<P>填表                                                                      </P>
</TD>

<TD>
<P>審核</P>
</TD>

<TD>
<P>主辦業務人員   </P>
</TD>

<TD>
<P>機關長官</P>
</TD>
</TR>

<TR>
<TD>
<P>主辦統計人員</P>
</TD>
</TR>

<TR>
<TD>
<P>資料來源：</P>
</TD>

<TD>
<P>依據財政部財政資訊中心營業稅徵收統計資料運算而得。</P>
</TD>
</TR>

<TR>
<TD>
<P>填表說明：</P>
</TD>

<TD>
<P>本表由本部中小企業處編製2份，1份送經濟部統計處，1份自存並公布於網站。</P>
</TD>
</TR>

<TR/>

<TR/>

<TR>
<TD>
<P>~33~</P>
</TD>
</TR>

<TR>
<TD>
<P>中小企業家數－按行業別分編製說明</P>
</TD>
</TR>

<TR/>

<TR>
<TD>
<P>一、</P>
</TD>

<TD>
<P>統計範圍及對象：</P>
</TD>
</TR>

<TR>
<TD>
<P>凡臺閩地區依法繳納營業稅之企業，均為統計範圍及對象。</P>
</TD>
</TR>

<TR/>

<TR/>

<TR>
<TD>
<P>二、</P>
</TD>

<TD>
<P>統計標準時間：</P>
</TD>
</TR>

<TR>
<TD>
<P>以每年1月1日至12月31日之事實為準。</P>
</TD>
</TR>

<TR>
<TD/>
</TR>

<TR>
<TD>
<P>三、</P>
</TD>

<TD>
<P>分類標準：</P>
</TD>
</TR>

<TR>
<TD>
<P>(一)</P>
</TD>

<TD>
<P>縱行科目：分為全部企業家數、中小企業家數及中小企業所占比率。</P>
</TD>
</TR>

<TR>
<TD>
<P>(二)</P>
</TD>

<TD>
<P>橫列科目：依中華民國行業標準分類(第9次修訂)行業別之大行業別分類。</P>
</TD>
</TR>

<TR/>

<TR>
<TD>
<P>四、</P>
</TD>

<TD>
<P>統計科目定義：</P>
</TD>
</TR>

<TR>
<TD>
<P>(一)</P>
</TD>

<TD>
<P>全部企業：包括中小企業及大企業。</P>
</TD>
</TR>

<TR>
<TD>
<P>(二)</P>
</TD>

<TD>
<P>中小企業：係依據中小企業發展條例之中小企業認定標準加以分類，凡礦業及土石採取業、製造業、營造業之實收資本額在新臺幣8千萬元以下者；其他業別前1年之營業額在1億元以下者均屬之。</P>
</TD>
</TR>

<TR/>

<TR>
<TD>
<P>五、</P>
</TD>

<TD>
<P>資料蒐集方法及編製程序：</P>
</TD>
</TR>

<TR>
<TD>
<P>由經濟部中小企業處利用財政部財政資訊中心營業稅徵收統計資料，按行業別分類編製。</P>
</TD>
</TR>

<TR/>

<TR>
<TD>
<P>六、</P>
</TD>

<TD>
<P>編送對象：</P>
</TD>
</TR>

<TR>
<TD>
<P>本表由經濟部中小企業處編製2份，1份送經濟部統計處，1份自存並公布於網站。</P>
</TD>
</TR>
</Table>
</Worksheet>
</Workbook>
</TaggedPDF-doc>
