<?xml version="1.0" encoding="UTF-8" ?>
<!-- Created from PDF via Acrobat SaveAsXML -->
<!-- Mapping Table version: 28-February-2003 -->
<TaggedPDF-doc>
<?xpacket begin='﻿' id='W5M0MpCehiHzreSzNTczkc9d'?>
<?xpacket begin="﻿" id="W5M0MpCehiHzreSzNTczkc9d"?>
<x:xmpmeta xmlns:x="adobe:ns:meta/" x:xmptk="Adobe XMP Core 4.2.1-c043 52.372728, 2009/01/18-15:08:04        ">
   <rdf:RDF xmlns:rdf="http://www.w3.org/1999/02/22-rdf-syntax-ns#">
      <rdf:Description rdf:about=""
            xmlns:dc="http://purl.org/dc/elements/1.1/">
         <dc:format>xml</dc:format>
         <dc:title>
            <rdf:Alt>
               <rdf:li xml:lang="x-default">&lt;B867C0D9B3A12DA4A4A470A5F8B77EB342B2CEAD70B3F8AAED28A64034AAED295F3137303631342D322E786C7378&gt;</rdf:li>
            </rdf:Alt>
         </dc:title>
         <dc:creator>
            <rdf:Seq>
               <rdf:li>PC608C</rdf:li>
            </rdf:Seq>
         </dc:creator>
      </rdf:Description>
      <rdf:Description rdf:about=""
            xmlns:xmp="http://ns.adobe.com/xap/1.0/">
         <xmp:CreateDate>2017-06-14T14:23:38+08:00</xmp:CreateDate>
         <xmp:CreatorTool>PScript5.dll Version 5.2.2</xmp:CreatorTool>
         <xmp:ModifyDate>2017-06-14T14:23:38+08:00</xmp:ModifyDate>
      </rdf:Description>
      <rdf:Description rdf:about=""
            xmlns:pdf="http://ns.adobe.com/pdf/1.3/">
         <pdf:Producer>Acrobat Distiller 9.5.5 (Windows)</pdf:Producer>
      </rdf:Description>
      <rdf:Description rdf:about=""
            xmlns:xmpMM="http://ns.adobe.com/xap/1.0/mm/">
         <xmpMM:DocumentID>uuid:2ba5bde6-1b51-4d3d-a52b-3e6adf80160e</xmpMM:DocumentID>
         <xmpMM:InstanceID>uuid:a77a567c-e40c-4635-ba46-3ba1fea01469</xmpMM:InstanceID>
      </rdf:Description>
   </rdf:RDF>
</x:xmpmeta>
                                                                                                    
                                                                                                    
                                                                                                    
                                                                                                    
                                                                                                    
                                                                                                    
                                                                                                    
                                                                                                    
                                                                                                    
                                                                                                    
                                                                                                    
                                                                                                    
                                                                                                    
                                                                                                    
                                                                                                    
                                                                                                    
                                                                                                    
                                                                                                    
                                                                                                    
                                                                                                    
                           
<?xpacket end="w"?>
<?xpacket end='r'?>

<Table>
<TR>
<TD>公開類</TD>

<TD/>

<TD>編製機關</TD>

<TD>經濟部(中小企業處)</TD>
</TR>

<TR>
<TD>年 報</TD>

<TD>次年5月底前編報</TD>

<TD>表號 </TD>

<TD>2999-07-02</TD>
</TR>
</Table>

<P>臺灣地區中小企業就業人數</P>

<P>中華民國105年年平均單位：千人</P>

<Table>
<TR>
<TH>行 業 別</TH>

<TH>全部就業人數</TH>

<TH>中小企業</TH>

<TH/>

<TH/>
</TR>

<TR>
<TD> 比率(%) </TD>

<TD/>
</TR>

<TR>
<TH>　男性 　女性 　礦業及土石採取業　製造業總計　農、林、漁、牧業行業別性別　藝術、娛樂及休閒服務業　金融及保險業　資訊及通訊傳播業　電力及燃氣供應業　住宿及餐飲業 用水供應及污染整治業　營造業　批發及零售業　運輸及倉儲業公共行政及國防；強制性社會安全　不動產業 支援服務業　專業、科學及技術服務業 教育服務業　醫療保健及社會工作服務業　其他服務業</TH>

<TD>11,267 6,267 5,000 557 4 3,028 30 82 899 1,853 440 826 249 424 100 368 286 374 652 444 103 547 </TD>

<TD>8,810 5,052 3,758 552 3 2,193 4 35 884 1,782 318 804 182 329 96 293 260 1 234 218 83 539 </TD>

<TD/>

<TD>78.1980.6275.15 99.05 82.98 72.41 12.31 42.40 98.37 96.17 72.32 97.28 73.24 77.64 95.74 79.61 90.69 0.21 35.93 49.15 80.25 98.48</TD>
</TR>
</Table>

<P>填表審核 主辦業務人員機關長官</P>

<P>主辦統計人員資料來源：行政院主計總處人力資源調查統計。填表說明：1.本表由本部中小企業處編製2份，1份送本部統計處，1份自存並公布於網站。</P>

<P>2.全部就業人數包括大企業、中小企業及受政府僱用就業人數。 </P>

<P>~34~</P>

<P>臺灣地區中小企業就業人數編製說明</P>

<P>一、統計範圍及對象：凡現住臺灣地區之普通戶與共同事業戶，戶內年滿15歲從事有酬工作者，或從事15小時以上之無酬家屬工作者均為統計範圍及對象。</P>

<P>二、統計標準時間：以每年1至12月平均就業人數為準，每月以含15日之1週為資料標準週。</P>

<P>三、分類標準：(一)縱行科目：分為全部企業就業人數、中小企業就業人數及其占全部企業就業人數比率</P>

<P>(二)橫列科目：以性別及依中華民國行業標準分類（第9次修訂）行業別之大行業別分類。</P>

<P>四、統計科目定義：(一)全部就業人數：包括中小企業、大企業及受政府僱用人員(二)中小企業：係依據中小企業發展條例之中小企業認定標準加以分類，凡礦業及</P>

<P>土石採取業、製造業、營造業之經常僱用員工數未滿200人者；其他業別經常僱用員工數未滿100人者。</P>

<P>五、資料蒐集方法及編製程序：由經濟部中小企業處利用行政院主計總處人力資源統計月報資料，按性別及行業別分類編製。</P>

<P>六、編送對象：本表由經濟部中小企業處編製2份，1份送本部統計處，1份自存並公布於網站。</P>
</TaggedPDF-doc>
