<?xml version="1.0" encoding="UTF-8" ?>
<!-- Created from PDF via Acrobat SaveAsXML -->
<!-- Mapping Table version: 28-February-2003 -->
<TaggedPDF-doc>
<?xpacket begin='﻿' id='W5M0MpCehiHzreSzNTczkc9d'?>
<?xpacket begin="﻿" id="W5M0MpCehiHzreSzNTczkc9d"?>
<x:xmpmeta xmlns:x="adobe:ns:meta/" x:xmptk="Adobe XMP Core 4.2.1-c043 52.372728, 2009/01/18-15:08:04        ">
   <rdf:RDF xmlns:rdf="http://www.w3.org/1999/02/22-rdf-syntax-ns#">
      <rdf:Description rdf:about=""
            xmlns:dc="http://purl.org/dc/elements/1.1/">
         <dc:format>xml</dc:format>
         <dc:title>
            <rdf:Alt>
               <rdf:li xml:lang="x-default">&lt;B867C0D9B3A12DA4A4A470A5F8B77EB342B2CEAD70B3F8AAED28A64034AAED295F3137303631342D332E786C7378&gt;</rdf:li>
            </rdf:Alt>
         </dc:title>
         <dc:creator>
            <rdf:Seq>
               <rdf:li>PC608C</rdf:li>
            </rdf:Seq>
         </dc:creator>
      </rdf:Description>
      <rdf:Description rdf:about=""
            xmlns:xmp="http://ns.adobe.com/xap/1.0/">
         <xmp:CreateDate>2017-06-14T14:20:28+08:00</xmp:CreateDate>
         <xmp:CreatorTool>PScript5.dll Version 5.2.2</xmp:CreatorTool>
         <xmp:ModifyDate>2017-06-14T14:20:28+08:00</xmp:ModifyDate>
      </rdf:Description>
      <rdf:Description rdf:about=""
            xmlns:pdf="http://ns.adobe.com/pdf/1.3/">
         <pdf:Producer>Acrobat Distiller 9.5.5 (Windows)</pdf:Producer>
      </rdf:Description>
      <rdf:Description rdf:about=""
            xmlns:xmpMM="http://ns.adobe.com/xap/1.0/mm/">
         <xmpMM:DocumentID>uuid:63949852-42aa-404c-adb7-721acb289861</xmpMM:DocumentID>
         <xmpMM:InstanceID>uuid:9bd9ed4a-24ec-4d4e-a427-3c62de59e357</xmpMM:InstanceID>
      </rdf:Description>
   </rdf:RDF>
</x:xmpmeta>
                                                                                                    
                                                                                                    
                                                                                                    
                                                                                                    
                                                                                                    
                                                                                                    
                                                                                                    
                                                                                                    
                                                                                                    
                                                                                                    
                                                                                                    
                                                                                                    
                                                                                                    
                                                                                                    
                                                                                                    
                                                                                                    
                                                                                                    
                                                                                                    
                                                                                                    
                                                                                                    
                           
<?xpacket end="w"?>
<?xpacket end='r'?>

<Table>
<TR>
<TD>公開類</TD>

<TD/>

<TD>編製機關</TD>

<TD>經濟部(中小企業處)</TD>
</TR>

<TR>
<TD>年 報</TD>

<TD>次年5月底前編報</TD>

<TD>表 號 </TD>

<TD>2999-08-01</TD>
</TR>
</Table>

<P>中小企業銷售額－按行業別分</P>

<P>中華民國105年底單位：新臺幣百萬元</P>

<Table>
<TR>
<TH>行 業 別</TH>

<TH>全部企業</TH>

<TH>中小企業</TH>

<TH/>

<TH/>
</TR>

<TR>
<TD> 比 率(%) </TD>

<TD/>
</TR>

<TR>
<TH>　專業、科學及技術服務業 支援服務業 教育服務業　醫療保健及社會工作服務業　金融及保險業　不動產業總計　農、林、漁、牧業　礦業及土石採取業　其他服務業　藝術、娛樂及休閒服務業 　資訊及通訊傳播業　運輸及倉儲業 用水供應及污染整治業　批發及零售業　住宿及餐飲業　營造業　電力及燃氣供應業　製造業</TH>

<TD>38,312,769 46,826 42,839 13,608,467 794,817 173,392 2,148,502 13,713,916 1,141,593 622,182 1,064,855 2,277,273 1,060,509 705,177 540,152 16,003 27,817 91,406 237,044 </TD>

<TD>11,764,677 24,420 29,147 4,070,669 6,611 55,809 1,417,221 4,338,504 270,968 442,287 119,942 203,068 230,233 213,510 147,708 10,985 2,730 55,881 124,982 </TD>

<TD/>

<TD>30.71 52.15 68.04 29.91 0.83 32.19 65.96 31.64 23.74 71.09 11.26 8.92 21.71 30.28 27.35 68.64 9.81 61.14 52.73</TD>
</TR>
</Table>

<P>填表審核主辦業務人員 </P>

<P>主辦統計人員資料來源：依據財政部財政資訊中心營業稅徵收統計資料運算而得。填表說明：本表由本部中小企業處編製2份，1份送經濟部統計處，1份自存並公布於網站。</P>

<P>~35~
</P>

<P>中小企業銷售額－按行業別分編製說明
</P>

<P>一、統計範圍及對象：凡臺閩地區依法繳納營業稅之企業，均為統計範圍及對象。</P>

<P>二、統計標準時間：以每年1月1日至12月31日之事實為準。</P>

<P>三、分類標準：</P>

<P>(一)縱行科目：分為全部企業銷售額、中小企業銷售額及其占全部企業銷售額比</P>

<P>(二)橫列科目：依中華民國行業標準分類(第9次修訂)行業別之大行業別分類。</P>

<P>四、統計科目定義：</P>

<P>(一)全部企業：包括中小企業及大企業。</P>

<P>(二)中小企業：係依據中小企業發展條例之中小企業認定標準加以分類，凡礦業及</P>

<P>土石採取業、製造業、營造業之實收資本額在新臺幣8千萬元以下者；其他業別</P>

<P>前1年之營業額在1億元以下者均屬之。</P>

<P>五、資料蒐集方法及編製程序：</P>

<P>由經濟部中小企業處利用財政部財政資訊中心營業稅徵收統計資料，按行業別</P>

<P>分類編製。</P>

<P>六、編送對象：</P>

<P>本表由經濟部中小企業處編製2份，1份送經濟部統計處，1份自存並公布於網</P>

<P>站。</P>
</TaggedPDF-doc>
