<?xml version="1.0" encoding="UTF-8" ?>
<!-- Created from PDF via Acrobat SaveAsXML -->
<!-- Mapping Table version: 28-February-2003 -->
<TaggedPDF-doc>
<?xpacket begin='﻿' id='W5M0MpCehiHzreSzNTczkc9d'?>
<?xpacket begin="﻿" id="W5M0MpCehiHzreSzNTczkc9d"?>
<x:xmpmeta xmlns:x="adobe:ns:meta/" x:xmptk="Adobe XMP Core 4.2.1-c043 52.372728, 2009/01/18-15:08:04        ">
   <rdf:RDF xmlns:rdf="http://www.w3.org/1999/02/22-rdf-syntax-ns#">
      <rdf:Description rdf:about=""
            xmlns:dc="http://purl.org/dc/elements/1.1/">
         <dc:format>xml</dc:format>
         <dc:title>
            <rdf:Alt>
               <rdf:li xml:lang="x-default">&lt;B867C0D9B3A12DA4A4A470A5F8B77EB342B2CEAD70B3F8AAED28A64034AAED295F3137303631342D342E786C7378&gt;</rdf:li>
            </rdf:Alt>
         </dc:title>
         <dc:creator>
            <rdf:Seq>
               <rdf:li>PC608C</rdf:li>
            </rdf:Seq>
         </dc:creator>
      </rdf:Description>
      <rdf:Description rdf:about=""
            xmlns:xmp="http://ns.adobe.com/xap/1.0/">
         <xmp:CreateDate>2017-06-14T14:21:04+08:00</xmp:CreateDate>
         <xmp:CreatorTool>PScript5.dll Version 5.2.2</xmp:CreatorTool>
         <xmp:ModifyDate>2017-06-14T14:21:04+08:00</xmp:ModifyDate>
      </rdf:Description>
      <rdf:Description rdf:about=""
            xmlns:pdf="http://ns.adobe.com/pdf/1.3/">
         <pdf:Producer>Acrobat Distiller 9.5.5 (Windows)</pdf:Producer>
      </rdf:Description>
      <rdf:Description rdf:about=""
            xmlns:xmpMM="http://ns.adobe.com/xap/1.0/mm/">
         <xmpMM:DocumentID>uuid:898c7a3b-5ab3-46c3-b7e1-1abfea957ce6</xmpMM:DocumentID>
         <xmpMM:InstanceID>uuid:81caae08-7592-4cf2-91d5-a567fc89e508</xmpMM:InstanceID>
      </rdf:Description>
   </rdf:RDF>
</x:xmpmeta>
                                                                                                    
                                                                                                    
                                                                                                    
                                                                                                    
                                                                                                    
                                                                                                    
                                                                                                    
                                                                                                    
                                                                                                    
                                                                                                    
                                                                                                    
                                                                                                    
                                                                                                    
                                                                                                    
                                                                                                    
                                                                                                    
                                                                                                    
                                                                                                    
                                                                                                    
                                                                                                    
                           
<?xpacket end="w"?>
<?xpacket end='r'?>

<Table>
<TR>
<TD>公開類</TD>

<TD/>

<TD>編製機關</TD>

<TD>經濟部(中小企業處)</TD>
</TR>

<TR>
<TD>年 報</TD>

<TD>次年5月底前編報</TD>

<TD>表 號 </TD>

<TD>2999-08-02</TD>
</TR>
</Table>

<P>中小企業出口額－按行業別分</P>

<P>中華民國105年底單位：新臺幣百萬元</P>

<Table>
<TR>
<TH>行 業 別</TH>

<TH>全部企業</TH>

<TH>中小企業</TH>

<TH/>

<TH/>
</TR>

<TR>
<TD> 比 率(%) </TD>

<TD/>
</TR>

<TR>
<TH>總計 用水供應及污染整治業　營造業　批發及零售業　運輸及倉儲業　農、林、漁、牧業　礦業及土石採取業　製造業　電力及燃氣供應業　專業、科學及技術服務業 支援服務業 教育服務業　住宿及餐飲業　資訊及通訊傳播業　金融及保險業　不動產業　醫療保健及社會工作服務業　藝術、娛樂及休閒服務業　其他服務業</TH>

<TD>9,464,262 7,516 520 6,422,303 15,692 8,286 63,460 2,336,277 324,704 1,803 107,656 4,047 2,834 151,225 7,071 79 3,154 301 7,335 </TD>

<TD>1,423,791 3,269 230 977,112 142 1,403 12,867 400,386 8,778 227 8,027 708 885 8,174 1,104 38 60 135 246 </TD>

<TD/>

<TD>15.04 43.49 44.32 15.21 0.90 16.94 20.28 17.14 2.70 12.60 7.46 17.51 31.22 5.41 15.61 48.04 1.89 44.79 3.35</TD>
</TR>
</Table>

<P>填表審核主辦業務人員 </P>

<P>主辦統計人員資料來源：依據財政部財政資訊中心營業稅徵收統計資料運算而得。填表說明： 本表由本部中小企業處編製2份，1份送經濟部統計處，1份自存並公布於網站。</P>

<P>~36~</P>

<P>中小企業出口額－按行業別分編製說明
</P>

<P>一、統計範圍及對象：凡臺閩地區依法繳納營業稅之企業，均為統計範圍及對象。</P>

<P>二、統計標準時間：以每年1月1日至12月31日之事實為準。</P>

<P>三、分類標準：(一)縱行科目：分為全部企業出口額、中小企業出口額及其占全部企業出口額比率。</P>

<P>(二)橫列科目：依中華民國行業標準分類(第9次修訂)行業別之大行業別分類。</P>

<P>四、統計科目定義：(一)全部企業：包括中小企業及大企業。(二)中小企業：係依據中小企業發展條例之中小企業認定標準加以分類，凡礦業及</P>

<P>土石採取業、製造業、營造業之實收資本額在新臺幣8千萬元以下者；其他業別前1年之營業額在1億元以下者均屬之。</P>

<P>五、資料蒐集方法及編製程序：由經濟部中小企業處利用財政部財政資訊中心營業稅徵收統計資料，按行業別分類編製。</P>

<P>六、編送對象：本表由經濟部中小企業處編製2份，1份送經濟部統計處，1份自存並公布於網站。</P>
</TaggedPDF-doc>
