<?xml version="1.0" encoding="UTF-8" ?>
<!-- Created from PDF via Acrobat SaveAsXML -->
<!-- Mapping Table version: 28-February-2003 -->
<TaggedPDF-doc>
<?xpacket begin='﻿' id='W5M0MpCehiHzreSzNTczkc9d'?>
<?xpacket begin="﻿" id="W5M0MpCehiHzreSzNTczkc9d"?>
<x:xmpmeta xmlns:x="adobe:ns:meta/" x:xmptk="Adobe XMP Core 4.2.1-c041 52.342996, 2008/05/07-20:48:00        ">
   <rdf:RDF xmlns:rdf="http://www.w3.org/1999/02/22-rdf-syntax-ns#">
      <rdf:Description rdf:about=""
            xmlns:pdf="http://ns.adobe.com/pdf/1.3/">
         <pdf:Producer>Acrobat Distiller 7.0.5 (Windows)</pdf:Producer>
      </rdf:Description>
      <rdf:Description rdf:about=""
            xmlns:xmp="http://ns.adobe.com/xap/1.0/">
         <xmp:CreateDate>2007-07-26T09:39:39+08:00</xmp:CreateDate>
         <xmp:CreatorTool>Acrobat PDFMaker 7.0.7 for Excel</xmp:CreatorTool>
         <xmp:ModifyDate>2007-07-26T09:39:40+08:00</xmp:ModifyDate>
         <xmp:MetadataDate>2007-07-26T09:39:40+08:00</xmp:MetadataDate>
      </rdf:Description>
      <rdf:Description rdf:about=""
            xmlns:dc="http://purl.org/dc/elements/1.1/">
         <dc:format>xml</dc:format>
         <dc:title>
            <rdf:Alt>
               <rdf:li xml:lang="x-default">&lt;393630373234A578C657A661B0CFA4A4A470A5F8B77EB44EB77EA448BCC6A1D0ABF6A6E6B77EA74FA4C02E786C73&gt;</rdf:li>
            </rdf:Alt>
         </dc:title>
         <dc:creator>
            <rdf:Seq>
               <rdf:li>MOEA</rdf:li>
            </rdf:Seq>
         </dc:creator>
      </rdf:Description>
      <rdf:Description rdf:about=""
            xmlns:xmpMM="http://ns.adobe.com/xap/1.0/mm/">
         <xmpMM:DocumentID>uuid:cafad4e2-ae87-4e97-963e-d52fb29c8e91</xmpMM:DocumentID>
         <xmpMM:InstanceID>uuid:2aff55b0-4dbb-4d84-8a2e-25403450db47</xmpMM:InstanceID>
      </rdf:Description>
      <rdf:Description rdf:about=""
            xmlns:pdfx="http://ns.adobe.com/pdfx/1.3/">
         <pdfx:Company>MOEA</pdfx:Company>
      </rdf:Description>
   </rdf:RDF>
</x:xmpmeta>
                                                                                                    
                                                                                                    
                                                                                                    
                                                                                                    
                                                                                                    
                                                                                                    
                                                                                                    
                                                                                                    
                                                                                                    
                                                                                                    
                                                                                                    
                                                                                                    
                                                                                                    
                                                                                                    
                                                                                                    
                                                                                                    
                                                                                                    
                                                                                                    
                                                                                                    
                                                                                                    
                           
<?xpacket end="w"?>
<?xpacket end='r'?>
<bookmark-tree>
<bookmark title="中小企業就業2999-07-02-95修">
<destination structID="LinkTarget_320"/>
</bookmark>
</bookmark-tree>

<Workbook>
<Worksheet>
<Table>
<TR>
<TD id="LinkTarget_320">台灣地區中小企業就業人數</TD>
</TR>

<TR>
<TD/>

<TD>中華民國95年</TD>

<TD/>

<TD>單位：千人</TD>
</TR>

<TR>
<TD>業      別</TD>

<TD>全部就業人數</TD>

<TD>中小企業</TD>
</TR>

<TR>
<TD>比率（%）</TD>
</TR>

<TR>
<TD>總計</TD>

<TD>10,111                      </TD>

<TD>7,751                       </TD>

<TD>76.66</TD>
</TR>

<TR>
<TD>  性別</TD>
</TR>

<TR>
<TD>　男性</TD>

<TD>5,810                        </TD>

<TD>4,544                       </TD>

<TD>78.20</TD>
</TR>

<TR>
<TD>　女性</TD>

<TD>4,301                        </TD>

<TD>3,207                       </TD>

<TD>74.57</TD>
</TR>

<TR>
<TD>行業別</TD>
</TR>

<TR>
<TD>　農、林、漁、牧業</TD>

<TD>555                           </TD>

<TD>548                          </TD>

<TD>98.74</TD>
</TR>

<TR>
<TD>　礦業及土石採取業</TD>

<TD>7                               </TD>

<TD>5                              </TD>

<TD>71.43</TD>
</TR>

<TR>
<TD>　製造業</TD>

<TD>2,772                        </TD>

<TD>2,105                       </TD>

<TD>75.94</TD>
</TR>

<TR>
<TD>　水電燃氣業</TD>

<TD>34                             </TD>

<TD>3                              </TD>

<TD>8.82</TD>
</TR>

<TR>
<TD>　營造業</TD>

<TD>830                           </TD>

<TD>808                          </TD>

<TD>97.35</TD>
</TR>

<TR>
<TD>　批發及零售業</TD>

<TD>1,759                        </TD>

<TD>1,648                       </TD>

<TD>93.69</TD>
</TR>

<TR>
<TD>　住宿及餐飲業</TD>

<TD>660                           </TD>

<TD>631                          </TD>

<TD>95.61</TD>
</TR>

<TR>
<TD>　運輸、倉儲及通信業</TD>

<TD>486                           </TD>

<TD>318                          </TD>

<TD>65.43</TD>
</TR>

<TR>
<TD>　金融及保險業</TD>

<TD>406                           </TD>

<TD>219                          </TD>

<TD>53.94</TD>
</TR>

<TR>
<TD>　不動產及租賃業</TD>

<TD>85                             </TD>

<TD>77                            </TD>

<TD>90.59</TD>
</TR>

<TR>
<TD>　專業、科學及技術服務業</TD>

<TD>344                           </TD>

<TD>268                          </TD>

<TD>77.91</TD>
</TR>

<TR>
<TD>　教育服務業</TD>

<TD>558                           </TD>

<TD>184                          </TD>

<TD>32.97</TD>
</TR>

<TR>
<TD>　醫療保健及社會福利服務業</TD>

<TD>332                           </TD>

<TD>146                          </TD>

<TD>43.98</TD>
</TR>

<TR>
<TD>　文化、運動及休閒服務業</TD>

<TD>196                           </TD>

<TD>130                          </TD>

<TD>66.33</TD>
</TR>

<TR>
<TD>　其他服務業</TD>

<TD>741                           </TD>

<TD>662                          </TD>

<TD>89.34</TD>
</TR>

<TR>
<TD>  公共行政業</TD>

<TD>346                           </TD>

<TD>0</TD>

<TD>0</TD>
</TR>

<TR>
<TD>資料來源：</TD>

<TD>行政院主計處人力資源調查統計。</TD>
</TR>

<TR>
<TD>填表說明：</TD>

<TD>1.本表由本部中小企業處編製1份自存並公布於網站。</TD>
</TR>

<TR>
<TD/>

<TD/>

<TD>2.全部就業人數包括大企業、中小企業及受政府雇用就業人數。</TD>
</TR>

<TR/>

<TR/>

<TR/>

<TR/>

<TR/>

<TR/>

<TR/>

<TR/>

<TR>
<TD/>

<TD>臺灣地區中小企業就業人數編製說明</TD>
</TR>

<TR/>

<TR>
<TD>一、</TD>

<TD>統計範圍及對象：</TD>
</TR>

<TR>
<TD/>

<TD>凡現住臺灣地區之普通戶與共同事業戶，戶內年滿15歲從事有酬工作者，或從事15小時以上之無酬家屬工作者均為統計範圍及對象。</TD>
</TR>

<TR/>

<TR>
<TD>二、</TD>

<TD>統計標準時間：</TD>
</TR>

<TR>
<TD/>

<TD>以每年每月資料標準週（每月含15日之當週）之事實為準。</TD>
</TR>

<TR/>

<TR>
<TD>三、</TD>

<TD>分類標準：</TD>
</TR>

<TR>
<TD/>

<TD>縱行科目以全部企業就業人數、中小企業就業人數及其占全部企業就業人數比率分類。</TD>
</TR>

<TR>
<TD/>

<TD>橫列科目以性別及大行業別分類。</TD>
</TR>

<TR/>

<TR>
<TD>四、</TD>

<TD>統計科目定義：</TD>
</TR>

<TR>
<TD/>

<TD/>

<TD>中小企業定義係依據中小企業發展條例之中小企業認定標準加以分類，凡礦業及土石採取業、製造業、營造業之經常僱用員工數未滿200人者；其他業別經常僱用員工數50人以下者均屬之。</TD>
</TR>

<TR/>

<TR/>

<TR/>

<TR>
<TD>五、</TD>

<TD/>

<TD>資料蒐集方法及編製程序：</TD>
</TR>

<TR>
<TD/>

<TD/>

<TD>由經濟部中小企業處利用行政院主計處人力資源統計月報資料，按性別及行業別分類編製。</TD>
</TR>

<TR/>

<TR/>

<TR>
<TD>六、</TD>

<TD/>

<TD>編送對象：</TD>
</TR>

<TR>
<TD/>

<TD/>

<TD>本表由經濟部中小企業處編製1份自存並公布於網站。</TD>
</TR>
</Table>
</Worksheet>
</Workbook>
</TaggedPDF-doc>
