<?xml version="1.0" encoding="UTF-8" ?>
<!-- Created from PDF via Acrobat SaveAsXML -->
<!-- Mapping Table version: 28-February-2003 -->
<TaggedPDF-doc>
<?xpacket begin='﻿' id='W5M0MpCehiHzreSzNTczkc9d'?>
<?xpacket begin="﻿" id="W5M0MpCehiHzreSzNTczkc9d"?>
<x:xmpmeta xmlns:x="adobe:ns:meta/" x:xmptk="Adobe XMP Core 4.2.1-c041 52.342996, 2008/05/07-20:48:00        ">
   <rdf:RDF xmlns:rdf="http://www.w3.org/1999/02/22-rdf-syntax-ns#">
      <rdf:Description rdf:about=""
            xmlns:pdf="http://ns.adobe.com/pdf/1.3/">
         <pdf:Producer>Acrobat Distiller 7.0.5 (Windows); modified using iText 2.1.7 by 1T3XT</pdf:Producer>
      </rdf:Description>
      <rdf:Description rdf:about=""
            xmlns:xmp="http://ns.adobe.com/xap/1.0/">
         <xmp:CreateDate>2007-07-26T09:35:43+08:00</xmp:CreateDate>
         <xmp:CreatorTool>Acrobat PDFMaker 7.0.7 for Excel</xmp:CreatorTool>
         <xmp:ModifyDate>2013-03-07T10:30:50+08:00</xmp:ModifyDate>
         <xmp:MetadataDate>2013-03-07T10:30:50+08:00</xmp:MetadataDate>
      </rdf:Description>
      <rdf:Description rdf:about=""
            xmlns:dc="http://purl.org/dc/elements/1.1/">
         <dc:format>xml</dc:format>
         <dc:title>
            <rdf:Alt>
               <rdf:li xml:lang="x-default">&lt;393630373234A4A4A470A5F8B77EA558A466C342A1D0ABF6A6E6B77EA74FA4C02E786C73&gt;</rdf:li>
            </rdf:Alt>
         </dc:title>
         <dc:creator>
            <rdf:Seq>
               <rdf:li>MOEA</rdf:li>
            </rdf:Seq>
         </dc:creator>
      </rdf:Description>
      <rdf:Description rdf:about=""
            xmlns:xmpMM="http://ns.adobe.com/xap/1.0/mm/">
         <xmpMM:DocumentID>uuid:8576f7ab-57af-4f55-ae62-bb69c3b63970</xmpMM:DocumentID>
         <xmpMM:InstanceID>uuid:86b53e7e-567d-48b7-98fc-1e97a959706b</xmpMM:InstanceID>
      </rdf:Description>
      <rdf:Description rdf:about=""
            xmlns:pdfx="http://ns.adobe.com/pdfx/1.3/">
         <pdfx:Company>MOEA</pdfx:Company>
      </rdf:Description>
   </rdf:RDF>
</x:xmpmeta>
                                                                                                    
                                                                                                    
                                                                                                    
                                                                                                    
                                                                                                    
                                                                                                    
                                                                                                    
                                                                                                    
                                                                                                    
                                                                                                    
                                                                                                    
                                                                                                    
                                                                                                    
                                                                                                    
                                                                                                    
                                                                                                    
                                                                                                    
                                                                                                    
                                                                                                    
                                                                                                    
                           
<?xpacket end="w"?>
<?xpacket end='r'?>
<bookmark-tree>
<bookmark title="中小企業出口額2999-08-02">
<destination structID="LinkTarget_30"/>
</bookmark>
</bookmark-tree>

<Workbook>
<Worksheet>
<Table>
<TR>
<TD id="LinkTarget_30">中小企業出口額－按行業別分</TD>
</TR>

<TR/>

<TR>
<TD/>

<TD/>

<TD/>

<TD>中華民國95年</TD>

<TD/>

<TD>單位：新臺幣百萬元</TD>
</TR>

<TR>
<TD>業    別</TD>

<TD>全部企業</TD>

<TD>中小企業</TD>
</TR>

<TR>
<TD> 比 率(%)</TD>
</TR>

<TR>
<TD>總計</TD>

<TD/>

<TD>8,731,753</TD>

<TD>1,562,224</TD>

<TD>17.89</TD>
</TR>

<TR>
<TD>　農、林、漁、牧業</TD>

<TD>2,945</TD>

<TD>1,608</TD>

<TD>54.59</TD>
</TR>

<TR>
<TD>　礦業及土石採取業</TD>

<TD>814</TD>

<TD>407</TD>

<TD>50.07</TD>
</TR>

<TR>
<TD>　製造業</TD>

<TD>5,620,063</TD>

<TD>1,083,456</TD>

<TD>19.28</TD>
</TR>

<TR>
<TD>　水電燃氣業</TD>

<TD>11,460</TD>

<TD>92</TD>

<TD>0.80</TD>
</TR>

<TR>
<TD>　營造業</TD>

<TD>29,799</TD>

<TD>13,549</TD>

<TD>45.47</TD>
</TR>

<TR>
<TD>　批發及零售業</TD>

<TD>2,475,974</TD>

<TD>426,061</TD>

<TD>17.21</TD>
</TR>

<TR>
<TD>　住宿及餐飲業</TD>

<TD>1,768</TD>

<TD>571</TD>

<TD>32.28</TD>
</TR>

<TR>
<TD>　運輸、倉儲及通信業</TD>

<TD>421,777</TD>

<TD>21,327</TD>

<TD>5.06</TD>
</TR>

<TR>
<TD>　金融及保險業</TD>

<TD>1,854</TD>

<TD>226</TD>

<TD>12.19</TD>
</TR>

<TR>
<TD>　不動產及租賃業</TD>

<TD>13,823</TD>

<TD>731</TD>

<TD>5.29</TD>
</TR>

<TR>
<TD>　專業、科學及技術服務業</TD>

<TD>134,152</TD>

<TD>11,462</TD>

<TD>8.54</TD>
</TR>

<TR>
<TD>　教育服務業</TD>

<TD>549</TD>

<TD>7</TD>

<TD>1.22</TD>
</TR>

<TR>
<TD>　醫療保健及社會福利服務業</TD>

<TD>20</TD>

<TD>2</TD>

<TD>8.48</TD>
</TR>

<TR>
<TD>　文化、運動及休閒服務業</TD>

<TD>3,327</TD>

<TD>622</TD>

<TD>18.70</TD>
</TR>

<TR>
<TD>　其他服務業</TD>

<TD>13,426</TD>

<TD>2,104</TD>

<TD>15.67</TD>
</TR>

<TR>
<TD>資料來源：</TD>

<TD>依據財政部財稅資料中心營業稅徵收統計資料運算而得。</TD>
</TR>

<TR>
<TD>填表說明：</TD>

<TD>本表由本部中小企業處編製1份自存並公布於網站。</TD>
</TR>

<TR/>

<TR/>

<TR/>

<TR/>

<TR/>

<TR/>

<TR/>

<TR/>

<TR/>

<TR/>

<TR>
<TD/>

<TD>中小企業出口額－按行業別分編製說明</TD>
</TR>

<TR/>

<TR/>

<TR>
<TD/>

<TD>一、</TD>

<TD>統計範圍及對象：</TD>
</TR>

<TR>
<TD/>

<TD/>

<TD>凡臺閩地區依法繳納營業稅之企業，均為統計範圍及對象。</TD>
</TR>

<TR/>

<TR>
<TD/>

<TD>二、</TD>

<TD>統計標準時間：</TD>
</TR>

<TR>
<TD/>

<TD/>

<TD>以每年1月1日至12月31日之事實為準。</TD>
</TR>

<TR/>

<TR>
<TD/>

<TD>三、</TD>

<TD>分類標準：</TD>
</TR>

<TR>
<TD/>

<TD/>

<TD>縱行科目以全部企業出口額、中小企業出口額及其占全部企業出口額比率分類。</TD>
</TR>

<TR/>

<TR>
<TD/>

<TD/>

<TD>橫列科目以大行業別分類。</TD>
</TR>

<TR/>

<TR>
<TD/>

<TD>四、</TD>

<TD>統計科目定義：</TD>
</TR>

<TR>
<TD/>

<TD/>

<TD>中小企業定義係依據中小企業發展條例之中小企業認定標準加以分類，凡礦業及土石採取業、製造業、營造業之實收資本額在新臺幣8千萬元以下者；其他業別前1年之營業額在1億元以下者均屬之。</TD>
</TR>

<TR/>

<TR/>

<TR/>

<TR>
<TD/>

<TD>五、</TD>

<TD>資料蒐集方法及編製程序：</TD>
</TR>

<TR>
<TD/>

<TD/>

<TD>由經濟部中小企業處利用財政部財稅資料中心營業稅徵收統計資料，按行業別分類編製。</TD>
</TR>

<TR/>

<TR/>

<TR>
<TD/>

<TD>六、</TD>

<TD>編送對象：</TD>
</TR>

<TR>
<TD/>

<TD/>

<TD>本表由經濟部中小企業處編製1份自存並公布於網站。</TD>
</TR>
</Table>
</Worksheet>
</Workbook>
</TaggedPDF-doc>
