<?xml version="1.0" encoding="UTF-8" ?>
<!-- Created from PDF via Acrobat SaveAsXML -->
<!-- Mapping Table version: 28-February-2003 -->
<TaggedPDF-doc>
<?xpacket begin='﻿' id='W5M0MpCehiHzreSzNTczkc9d'?>
<?xpacket begin="﻿" id="W5M0MpCehiHzreSzNTczkc9d"?>
<x:xmpmeta xmlns:x="adobe:ns:meta/" x:xmptk="Adobe XMP Core 4.2.1-c041 52.342996, 2008/05/07-20:48:00        ">
   <rdf:RDF xmlns:rdf="http://www.w3.org/1999/02/22-rdf-syntax-ns#">
      <rdf:Description rdf:about=""
            xmlns:pdf="http://ns.adobe.com/pdf/1.3/">
         <pdf:Producer>Acrobat Distiller 7.0.5 (Windows)</pdf:Producer>
      </rdf:Description>
      <rdf:Description rdf:about=""
            xmlns:xmp="http://ns.adobe.com/xap/1.0/">
         <xmp:CreateDate>2011-09-20T16:36:20+08:00</xmp:CreateDate>
         <xmp:CreatorTool>Acrobat PDFMaker 7.0.7 for Excel</xmp:CreatorTool>
         <xmp:ModifyDate>2011-09-20T16:36:21+08:00</xmp:ModifyDate>
         <xmp:MetadataDate>2011-09-20T16:36:21+08:00</xmp:MetadataDate>
      </rdf:Description>
      <rdf:Description rdf:about=""
            xmlns:dc="http://purl.org/dc/elements/1.1/">
         <dc:format>xml</dc:format>
         <dc:title>
            <rdf:Alt>
               <rdf:li xml:lang="x-default">&lt;3939A67EABD72DA4A4A470A5F8B77EB342B2CEAD70B3F8AAED28A64034AAED2932303131303932305FADD7A7EFB3E6A6EC2E786C73&gt;</rdf:li>
            </rdf:Alt>
         </dc:title>
         <dc:creator>
            <rdf:Seq>
               <rdf:li>MOEA</rdf:li>
            </rdf:Seq>
         </dc:creator>
      </rdf:Description>
      <rdf:Description rdf:about=""
            xmlns:xmpMM="http://ns.adobe.com/xap/1.0/mm/">
         <xmpMM:DocumentID>uuid:852b1712-d01d-4445-b477-fe64bbeea043</xmpMM:DocumentID>
         <xmpMM:InstanceID>uuid:98ab754c-af07-4c10-84e8-eae4ac1a9b63</xmpMM:InstanceID>
      </rdf:Description>
      <rdf:Description rdf:about=""
            xmlns:pdfx="http://ns.adobe.com/pdfx/1.3/">
         <pdfx:Company>MOEA</pdfx:Company>
      </rdf:Description>
   </rdf:RDF>
</x:xmpmeta>
                                                                                                    
                                                                                                    
                                                                                                    
                                                                                                    
                                                                                                    
                                                                                                    
                                                                                                    
                                                                                                    
                                                                                                    
                                                                                                    
                                                                                                    
                                                                                                    
                                                                                                    
                                                                                                    
                                                                                                    
                                                                                                    
                                                                                                    
                                                                                                    
                                                                                                    
                                                                                                    
                           
<?xpacket end="w"?>
<?xpacket end='r'?>

<Workbook/>
</TaggedPDF-doc>
